<?xml version="1.0" encoding="UTF-8"?>
<project-private xmlns="http://www.netbeans.org/ns/project-private/1">
    <editor-bookmarks xmlns="http://www.netbeans.org/ns/editor-bookmarks/2" lastBookmarkId="0"/>
    <open-files xmlns="http://www.netbeans.org/ns/projectui-open-files/2">
        <group>
            <file>file:/Users/walid/Google%20Drive/Web/www/AMICALE%20theme%201/css/style.css</file>
            <file>file:/Users/walid/Google%20Drive/Web/www/AMICALE%20theme%201/index.html</file>
        </group>
    </open-files>
</project-private>
